carrier,ratio
United Air Lines Inc.,0.027924193799912997
Delta Air Lines Inc.,0.024081516909377525
American Airlines Inc.,0.023841496719940073
